Wilaya de Ain Defla, Algeria
Wilaya de Ain Temouchent, Algeria
Wilaya de Batna, Algeria
Wilaya de Bejaia, Algeria
Wilaya de Biskra, Algeria
Wilaya de Blida, Algeria
Wilaya de Bordj Bou Arreridj, Algeria
Wilaya de Bouira, Algeria
Wilaya de Boumerdes, Algeria
Wilaya de Bechar, Algeria
Wilaya de Chlef, Algeria
Wilaya de Constantine, Algeria
Wilaya de Djelfa, Algeria
Wilaya de Ghardaia, Algeria
Wilaya de Guelma, Algeria
Wilaya de Jijel, Algeria
Wilaya de Khenchela, Algeria
Wilaya de Laghouat, Algeria
Wilaya de Mascara, Algeria
Wilaya de Mila, Algeria
Wilaya de Mostaganem, Algeria
Wilaya de Medea, Algeria
Wilaya de MSila, Algeria
Wilaya de Naama, Algeria
Wilaya de Ouargla, Algeria
Wilaya de Relizane, Algeria
Wilaya de Saida, Algeria
Wilaya de Sidi Bel Abbes, Algeria
Wilaya de Skikda, Algeria
Wilaya de Souk Ahras, Algeria
Wilaya de Setif, Algeria
Wilaya de Tamanghasset, Algeria
Wilaya de Tiaret, Algeria
Wilaya de Tindouf, Algeria
Wilaya de Tipaza, Algeria
Wilaya de Tissemsilt, Algeria
Wilaya de Tizi Ouzou, Algeria
Wilaya de Tlemcen, Algeria
Wilaya de Tebessa, Algeria
Wilaya d Adrar, Algeria
Wilaya d Alger, Algeria
Wilaya d Annaba, Algeria
Wilaya d El Bayadh, Algeria
Wilaya d El Oued, Algeria
Wilaya d El Tarf, Algeria
Wilaya d Illizi, Algeria
Wilaya d Oran, Algeria
Wilaya d Oum el Bouaghi, Algeria
Bengo Province, Angola
Cuanza Norte Province, Angola
Cunene Province, Angola
Huila Province, Angola
Luanda Province, Angola
Lunda Norte Province, Angola
Malanje Province, Angola
Namibe Province, Angola
Provincia da Lunda Sul, Angola
Provincia de Benguela, Angola
Provincia de Cabinda, Angola
Provincia do Bie, Angola
Provincia do Cuando Cubango, Angola
Provincia do Huambo, Angola
Provincia do Kwanza Sul, Angola
Provincia do Moxico, Angola
Provincia do Uige, Angola
Provincia do Zaire, Angola
Departement de la Donga, Benin
Departement de l Alibori, Benin
Departement de l Atakora, Benin
Departement de l Atlantique, Benin
Departement de l Oueme, Benin
Departement du Borgou, Benin
Departement du Collines, Benin
Departement du Kouffo, Benin
Departement du Littoral, Benin
Departement du Mono, Benin
Departement du Plateau, Benin
Departement du Zou, Benin
Central District, Botswana
Ghanzi District, Botswana
Kgalagadi District, Botswana
Kgatleng District, Botswana
Kweneng District, Botswana
North East District, Botswana
North West District, Botswana
South East District, Botswana
Southern District, Botswana
Boucle du Mouhoun, Burkina Faso
Cascades, Burkina Faso
Centre, Burkina Faso
Centre-Est, Burkina Faso
Centre-Nord, Burkina Faso
Centre-Ouest, Burkina Faso
Centre-Sud, Burkina Faso
Est, Burkina Faso
Hauts-Bassins, Burkina Faso
Nord, Burkina Faso
Plateau-Central, Burkina Faso
Sahel, Burkina Faso
Sud-Ouest, Burkina Faso
Bujumbura Mairie, Burundi
Bujumbura Rural, Burundi
Province de Mwaro, Burundi
iProvense ya Bubanza, Burundi
iProvense ya Bururi, Burundi
iProvense ya Cankuzo, Burundi
iProvense ya Cibitoke, Burundi
iProvense ya Gitega, Burundi
iProvense ya Karuzi, Burundi
iProvense ya Kayanza, Burundi
iProvense ya Kirundo, Burundi
iProvense ya Makamba, Burundi
iProvense ya Muramvya, Burundi
iProvense ya Muyinga, Burundi
iProvense ya Ngozi, Burundi
iProvense ya Rutana, Burundi
iProvense ya Ruyigi, Burundi
Adamaoua Province, Cameroon
Centre Region, Cameroon
East Province, Cameroon
Far North Province, Cameroon
Littoral Province, Cameroon
North Province, Cameroon
North-West Region, Cameroon
South Province, Cameroon
South-West Province, Cameroon
West Province, Cameroon
Concelho da Boa Vista, Cape Verde
Concelho da Brava, Cape Verde
Concelho da Praia, Cape Verde
Concelho da Ribeira Brava, Cape Verde
Concelho da Ribeira Grande, Cape Verde
Concelho de Ribeira Grande de Santiago, Cape Verde
Concelho de Santa Catarina, Cape Verde
Concelho de Santa Catarina do Fogo, Cape Verde
Concelho de Santa Cruz, Cape Verde
Concelho de Sao Domingos, Cape Verde
Concelho de Sao Lourenco dos Orgaos, Cape Verde
Concelho de Sao Miguel, Cape Verde
Concelho de Sao Salvador do Mundo, Cape Verde
Concelho de Sao Vicente, Cape Verde
Concelho do Maio, Cape Verde
Concelho do Paul, Cape Verde
Concelho do Porto Novo, Cape Verde
Concelho do Sal, Cape Verde
Concelho do Sao Filipe, Cape Verde
Concelho do Tarrafal, Cape Verde
Concelho do Tarrafal de Sao Nicolau, Cape Verde
Concelho dos Mosteiros, Cape Verde
Commune de Bangui, Central African Republic
Prefecture de la Bamingui-Bangoran, Central African Republic
Prefecture de la Basse-Kotto, Central African Republic
Prefecture de la Haute-Kotto, Central African Republic
Prefecture de la Kemo, Central African Republic
Prefecture de la Lobaye, Central African Republic
Prefecture de la Mambere-Kadei, Central African Republic
Prefecture de la Nana-Grebizi, Central African Republic
Prefecture de la Nana-Mambere, Central African Republic
Prefecture de la Ouaka, Central African Republic
Prefecture de la Sangha-Mbaere, Central African Republic
Prefecture de la Vakaga, Central African Republic
Prefecture de l Ombella-Mpoko, Central African Republic
Prefecture de l Ouham, Central African Republic
Prefecture de l Ouham-Pende, Central African Republic
Prefecture du Haut-Mbomou, Central African Republic
Prefecture du Mbomou, Central African Republic
Ennedi, Chad
Region de la Ville de N'Djamena, Chad
Region du Barh el Gazel, Chad
Region du Batha, Chad
Region du Borkou, Chad
Region du Chari-Baguirmi, Chad
Region du Guera, Chad
Region du Hadjer-Lamis, Chad
Region du Kanem, Chad
Region du Lac, Chad
Region du Logone Occidental, Chad
Region du Logone Oriental, Chad
Region du Mandoul, Chad
Region du Mayo-Kebbi Est, Chad
Region du Mayo-Kebbi Ouest, Chad
Region du Moyen-Chari, Chad
Region du Ouaddai, Chad
Region du Salamat, Chad
Region du Sila, Chad
Region du Tandjile, Chad
Region du Tibesti, Chad
Region du Wadi Fira, Chad
Mwali, Comoros
Ndzuwani, Comoros
Ile Autonome de Grande Comore, Comoros
Province Orientale, Congo
Province de Bandundu, Congo
Province de l Equateur, Congo
Province du Bas-Congo, Congo
Province du Kasai-Occidental, Congo
Province du Kasai-Oriental, Congo
Province du Katanga, Congo
Province du Maniema, Congo
Province du Nord-Kivu, Congo
Province du Sud-Kivu, Congo
Ville de Kinshasa, Congo
Region de Dikhil, Djibouti
Region de Tadjourah, Djibouti
Region d Ali Sabieh, Djibouti
Region d Arta, Djibouti
Region d Obock, Djibouti
Ville de Djibouti, Djibouti
Alexandria, Egypt
Eastern Province, Egypt
Muhafazat Aswan, Egypt
Muhafazat Asyut, Egypt
Muhafazat Bani Suwayf, Egypt
Muhafazat Bur Said, Egypt
Muhafazat Dumyat, Egypt
Muhafazat Janub Sina, Egypt
Muhafazat Kafr ash Shaykh, Egypt
Muhafazat Matruh, Egypt
Muhafazat Qina, Egypt
Muhafazat Shamal Sina, Egypt
Muhafazat Suhaj, Egypt
Muhafazat ad Daqahliyah, Egypt
Muhafazat al Bahr al Ahmar, Egypt
Muhafazat al Buhayrah, Egypt
Muhafazat al Fayyum, Egypt
Muhafazat al Gharbiyah, Egypt
Muhafazat al Ismailiyah, Egypt
Muhafazat al Jizah, Egypt
Muhafazat al Minya, Egypt
Muhafazat al Minufiyah, Egypt
Muhafazat al Qalyubiyah, Egypt
Muhafazat al Qahirah, Egypt
Muhafazat al Uqsur, Egypt
Muhafazat al Wadi al Jadid, Egypt
Muhafazat as Suways, Egypt
Provincia de Annobon, Equatorial Guinea
Provincia de Bioko Norte, Equatorial Guinea
Provincia de Bioko Sur, Equatorial Guinea
Provincia de Centro Sur, Equatorial Guinea
Provincia de Kie-Ntem, Equatorial Guinea
Provincia de Litoral, Equatorial Guinea
Provincia de Wele-Nzas, Equatorial Guinea
Zoba Debub, Eritrea
Zoba Debubawi Keyih Bahri, Eritrea
Zoba Gash-Barka, Eritrea
Zoba Maakel, Eritrea
Zoba Semenawi Keyih Bahri, Eritrea
Zoba Anseba, Eritrea
Beneshangual Gumz Regional State, Ethiopia
Dire Dawa Region, Ethiopia
Gambela, Ethiopia
Oromia Regional State, Ethiopia
SSNPR, Ethiopia
The State of Afar, Ethiopia
The State of Amhara, Ethiopia
The State of Harari People, Ethiopia
The State of Somalia, Ethiopia
The State of Tigray, Ethiopia
Adis Abeba Astedader, Ethiopia
Province de la Ngounie, Gabon
Province de la Nyanga, Gabon
Province de l Estuaire, Gabon
Province de l Ogooue-Ivindo, Gabon
Province de l Ogooue-Lolo, Gabon
Province de l Ogooue-Maritime, Gabon
Province du Haut-Ogooue, Gabon
Province du Moyen-Ogooue, Gabon
Province du Woleu-Ntem, Gabon
Central River Division, Gambia
City of Banjul, Gambia
Lower River Division, Gambia
North Bank Division, Gambia
Upper River, Gambia
Western Division, Gambia
Ashanti Region, Ghana
Brong-Ahafo, Ghana
Central Region, Ghana
Eastern Region, Ghana
Greater Accra Region, Ghana
Northern Region, Ghana
Upper East Region, Ghana
Upper West Region, Ghana
Volta Region, Ghana
Western Region, Ghana
Capitale dEtat-Zone Speciale de Conakry, Guinea
Prefecture de Beyla, Guinea
Prefecture de Boffa, Guinea
Prefecture de Boke, Guinea
Prefecture de Coyah, Guinea
Prefecture de Dabola, Guinea
Prefecture de Dalaba, Guinea
Prefecture de Dinguiraye, Guinea
Prefecture de Dubreka, Guinea
Prefecture de Faranah, Guinea
Prefecture de Forecariah, Guinea
Prefecture de Fria, Guinea
Prefecture de Gaoual, Guinea
Prefecture de Guekedou, Guinea
Prefecture de Kankan, Guinea
Prefecture de Kindia, Guinea
Prefecture de Kissidougou, Guinea
Prefecture de Koubia, Guinea
Prefecture de Koundara, Guinea
Prefecture de Kouroussa, Guinea
Prefecture de Kerouane, Guinea
Prefecture de Labe, Guinea
Prefecture de Lola, Guinea
Prefecture de Lelouma, Guinea
Prefecture de Macenta, Guinea
Prefecture de Mali, Guinea
Prefecture de Mamou, Guinea
Prefecture de Mandiana, Guinea
Prefecture de Nzerekore, Guinea
Prefecture de Pita, Guinea
Prefecture de Siguiri, Guinea
Prefecture de Tougue, Guinea
Prefecture de Telimele, Guinea
Prefecture de Yomou, Guinea
Bafata, Guinea-Bissau
Biombo, Guinea-Bissau
Bissau Autonomous Region, Guinea-Bissau
Bolama and Bijagos, Guinea-Bissau
Cacheu, Guinea-Bissau
Gabu, Guinea-Bissau
Oio, Guinea-Bissau
Quinara, Guinea-Bissau
Tombali, Guinea-Bissau
Region de la Marahoue, Ivory Coast
Region de la Vallee du Bandama, Ivory Coast
Region de l Agneby, Ivory Coast
Region des Dix-Huit Montagnes, Ivory Coast
Region des Lacs, Ivory Coast
Region des Lagunes, Ivory Coast
Region des Savanes, Ivory Coast
Region du Bafing, Ivory Coast
Region du Bas-Sassandra, Ivory Coast
Region du Denguele, Ivory Coast
Region du Fromager, Ivory Coast
Region du Haut-Sassandra, Ivory Coast
Region du Moyen-Cavally, Ivory Coast
Region du Moyen-Comoe, Ivory Coast
Region du Nzi-Comoe, Ivory Coast
Region du Sud-Bandama, Ivory Coast
Region du Sud-Comoe, Ivory Coast
Region du Worodougou, Ivory Coast
Region du Zanzan, Ivory Coast
Central Province, Kenya
Coast Province, Kenya
Eastern, Kenya
Nairobi Province, Kenya
North Eastern Province, Kenya
Nyanza Province, Kenya
Rift Valley Province, Kenya
Western Province, Kenya
Berea, Lesotho
Butha-Buthe, Lesotho
Leribe, Lesotho
Mafeteng District, Lesotho
Maseru District, Lesotho
Mohales Hoek District, Lesotho
Mokhotlong District, Lesotho
Qachas Nek District, Lesotho
Quthing, Lesotho
Thaba-Tseka, Lesotho
Bomi County, Liberia
Bong County, Liberia
Gbarpolu County, Liberia
Grand Bassa County, Liberia
Grand Cape Mount County, Liberia
Grand Gedeh County, Liberia
Grand Kru County, Liberia
Lofa County, Liberia
Margibi County, Liberia
Maryland County, Liberia
Montserrado County, Liberia
Nimba County, Liberia
River Cess County, Liberia
River Gee County, Liberia
Sinoe County, Liberia
Shabiyat Banghazi, Libya
Shabiyat Darnah, Libya
Shabiyat Ghat, Libya
Shabiyat Misratah, Libya
Shabiyat Murzuq, Libya
Shabiyat Nalut, Libya
Shabiyat Sabha, Libya
Shabiyat Surt, Libya
Shabiyat Wadi al Hayat, Libya
Shabiyat Wadi ash Shati, Libya
Shabiyat al Butnan, Libya
Shabiyat al Jabal al Akhdar, Libya
Shabiyat al Jabal al Gharbi, Libya
Shabiyat al Jafarah, Libya
Shabiyat al Jufrah, Libya
Shabiyat al Kufrah, Libya
Shabiyat al Marj, Libya
Shabiyat al Marqab, Libya
Shabiyat al Wahat, Libya
Shabiyat an Nuqat al Khams, Libya
Shabiyat az Zawiyah, Libya
Shabiyat Tarabulus, Libya
Alaotra-Mangoro, Madagascar
Amoron'i Mania, Madagascar
Analamanga, Madagascar
Analanjirofo, Madagascar
Androy, Madagascar
Anosy, Madagascar
Betsiboka, Madagascar
Boeny, Madagascar
Bongolava, Madagascar
Diana, Madagascar
East, Madagascar
Ihorombe, Madagascar
Itasy, Madagascar
Melaky, Madagascar
Menabe, Madagascar
Sava, Madagascar
Sofia, Madagascar
South-East, Madagascar
South-West, Madagascar
Upper Matsiatra, Madagascar
Vakinankaratra, Madagascar
Vatovavy-Fitovinany, Madagascar
Central Region, Malawi
Northern Region, Malawi
Southern Region, Malawi
District de Bamako, Mali
Region de Gao, Mali
Region de Kayes, Mali
Region de Kidal, Mali
Region de Koulikoro, Mali
Region de Mopti, Mali
Region de Sikasso, Mali
Region de Segou, Mali
Region de Tombouctou, Mali
District de Nouakchott, Mauritania
Wilaya de Dakhlet Nouadhibou, Mauritania
Wilaya de l'Adrar, Mauritania
Wilaya de l'Assaba, Mauritania
Wilaya de l'Inchiri, Mauritania
Wilaya du Brakna, Mauritania
Wilaya du Gorgol, Mauritania
Wilaya du Guidimaka, Mauritania
Wilaya du Hodh ech Chargui, Mauritania
Wilaya du Hodh el Gharbi, Mauritania
Wilaya du Tagant, Mauritania
Wilaya du Tiris Zemmour, Mauritania
Wilaya du Trarza, Mauritania
Agalega Islands, Mauritius
Black River District, Mauritius
Cargados Carajos, Mauritius
Flacq District, Mauritius
Grand Port District, Mauritius
Moka District, Mauritius
Pamplemousses District, Mauritius
Plaines Wilhems District, Mauritius
Port Louis District, Mauritius
Riviere du Rempart District, Mauritius
Rodrigues, Mauritius
Savanne District, Mauritius
Acoua, Mayotte
Bandraboua, Mayotte
Bandrele, Mayotte
Boueni, Mayotte
Chiconi, Mayotte
Chirongui, Mayotte
Dembeni, Mayotte
Dzaoudzi, Mayotte
Kani-Keli, Mayotte
Koungou, Mayotte
M'Tsangamouji, Mayotte
Mamoudzou, Mayotte
Mtsamboro, Mayotte
Ouangani, Mayotte
Pamandzi, Mayotte
Sada, Mayotte
Tsingoni, Mayotte
Laayoune-Boujdour-Sakia El Hamra, Morocco
Oued ed Dahab-Lagouira, Morocco
Region de Chaouia-Ouardigha, Morocco
Region de Doukkala-Abda, Morocco
Region de Fes-Boulemane, Morocco
Region de Gharb-Chrarda-Beni Hssen, Morocco
Region de Guelmim-Es Smara, Morocco
Region de Marrakech-Tensift-Al Haouz, Morocco
Region de Meknes-Tafilalet, Morocco
Region de Rabat-Sale-Zemmour-Zaer, Morocco
Region de Souss-Massa-Draa, Morocco
Region de Tadla-Azilal, Morocco
Region de Tanger-Tetouan, Morocco
Region de Taza-Al Hoceima-Taounate, Morocco
Region de l Oriental, Morocco
Region du Grand Casablanca, Morocco
Cidade de Maputo, Mozambique
Maputo, Mozambique
Province of Tete, Mozambique
Provincia de Cabo Delgado, Mozambique
Provincia de Gaza, Mozambique
Provincia de Inhambane, Mozambique
Provincia de Manica, Mozambique
Provincia de Nampula, Mozambique
Provincia de Niassa, Mozambique
Provincia de Sofala, Mozambique
Provincia de Zambezia, Mozambique
Caprivi, Namibia
Erongo, Namibia
Hardap, Namibia
Karas, Namibia
Khomas, Namibia
Kunene, Namibia
Ohangwena, Namibia
Okavango, Namibia
Omaheke, Namibia
Omusati, Namibia
Oshana, Namibia
Oshikoto, Namibia
Otjozondjupa, Namibia
Agadez, Niger
Diffa, Niger
Dosso, Niger
Maradi, Niger
Niamey, Niger
Tahoua, Niger
Tillaberi, Niger
Zinder, Niger
Abia State, Nigeria
Abuja Federal Capital Territory, Nigeria
Adamawa State, Nigeria
Akwa Ibom State, Nigeria
Bauchi, Nigeria
Bayelsa State, Nigeria
Benue State, Nigeria
Borno State, Nigeria
Cross River State, Nigeria
Delta State, Nigeria
Ebonyi State, Nigeria
Edo, Nigeria
Ekiti State, Nigeria
Enugu State, Nigeria
Gombe State, Nigeria
Imo State, Nigeria
Jigawa State, Nigeria
Kaduna State, Nigeria
Kano State, Nigeria
Katsina State, Nigeria
Kebbi State, Nigeria
Kogi State, Nigeria
Kwara State, Nigeria
Lagos, Nigeria
Nassarawa State, Nigeria
Niger State, Nigeria
Ogun State, Nigeria
Ondo State, Nigeria
Osun State, Nigeria
Oyo State, Nigeria
Plateau State, Nigeria
Rivers State, Nigeria
Sokoto State, Nigeria
Taraba State, Nigeria
Udi State, Nigeria
Yobe State, Nigeria
Zamfara State, Nigeria
Commune de Brazzaville, Republic of the Congo
Pointe-Noire, Republic of the Congo
Region de la Bouenza, Republic of the Congo
Region de la Cuvette, Republic of the Congo
Region de la Cuvette-Ouest, Republic of the Congo
Region de la Likouala, Republic of the Congo
Region de la Lekoumou, Republic of the Congo
Region de la Sangha, Republic of the Congo
Region des Plateaux, Republic of the Congo
Region du Kouilou, Republic of the Congo
Region du Niari, Republic of the Congo
Region du Pool, Republic of the Congo
Eastern Province, Rwanda
Kigali City, Rwanda
Northern Province, Rwanda
Southern Province, Rwanda
Western Province, Rwanda
Reunion, Reunion
Ascension, Saint Helena
Saint Helena, Saint Helena
Tristan da Cunha, Saint Helena
Kolda, Senegal
Region de Dakar, Senegal
Region de Diourbel, Senegal
Region de Fatick, Senegal
Region de Kaffrine, Senegal
Region de Kaolack, Senegal
Region de Kedougou, Senegal
Region de Louga, Senegal
Region de Matam, Senegal
Region de Saint-Louis, Senegal
Region de Sedhiou, Senegal
Region de Tambacounda, Senegal
Region de Thies, Senegal
Region de Ziguinchor, Senegal
Anse Boileau, Seychelles
Anse Etoile, Seychelles
Anse Royale, Seychelles
Anse aux Pins, Seychelles
Au Cap, Seychelles
Baie Lazare, Seychelles
Baie Sainte Anne, Seychelles
Beau Vallon, Seychelles
Bel Air, Seychelles
Bel Ombre, Seychelles
Cascade, Seychelles
English River, Seychelles
Glacis, Seychelles
Grand Anse Mahe, Seychelles
Grand Anse Praslin, Seychelles
Inner Islands, Seychelles
Les Mamelles, Seychelles
Mont Buxton, Seychelles
Mont Fleuri, Seychelles
Plaisance, Seychelles
Pointe Larue, Seychelles
Port Glaud, Seychelles
Roche Caiman, Seychelles
Saint Louis, Seychelles
Takamaka, Seychelles
Eastern Province, Sierra Leone
Northern Province, Sierra Leone
Southern Province, Sierra Leone
Western Area, Sierra Leone
Gobolka Awdal, Somalia
Gobolka Bakool, Somalia
Gobolka Banaadir, Somalia
Gobolka Bari, Somalia
Gobolka Bay, Somalia
Gobolka Galguduud, Somalia
Gobolka Gedo, Somalia
Gobolka Hiiraan, Somalia
Gobolka Mudug, Somalia
Gobolka Nugaal, Somalia
Gobolka Sanaag, Somalia
Gobolka Shabeellaha Hoose, Somalia
Gobolka Sool, Somalia
Gobolka Togdheer, Somalia
Gobolka Woqooyi Galbeed, Somalia
Lower Juba, Somalia
Middle Juba, Somalia
Middle Shabele, Somalia
Free State, South Africa
Gauteng, South Africa
KwaZulu-Natal, South Africa
Limpopo Province, South Africa
Mpumalanga, South Africa
Northern Cape, South Africa
Province of Eastern Cape, South Africa
Province of North-West, South Africa
Province of the Western Cape, South Africa
Central Equatoria, South Sudan
Eastern Equatoria, South Sudan
Jonglei, South Sudan
Lakes, South Sudan
Northern Bahr el Ghazal State, South Sudan
Unity State, South Sudan
Upper Nile, South Sudan
Warrap, South Sudan
Western Bahr al Ghazal, South Sudan
Western Equatoria State, South Sudan
Al Jazirah State, Sudan
Al Qadarif State, Sudan
Blue Nile, Sudan
Kassala State, Sudan
Khartoum State, Sudan
Nile, Sudan
Northern Darfur State, Sudan
Northern Kordofan State, Sudan
Northern State, Sudan
Red Sea State, Sudan
Sinnar State, Sudan
Southern Darfur State, Sudan
Southern Kordofan State, Sudan
Western Darfur State, Sudan
White Nile State, Sudan
Hhohho District, Swaziland
Lubombo District, Swaziland
Manzini District, Swaziland
Shiselweni District, Swaziland
Principe, Sao Tome and Principe
Sao Tome, Sao Tome and Principe
Arusha Region, Tanzania
Dar es Salaam Region, Tanzania
Dodoma Region, Tanzania
Iringa Region, Tanzania
Kagera Region, Tanzania
Kigoma Region, Tanzania
Kilimanjaro Region, Tanzania
Lindi Region, Tanzania
Manyara Region, Tanzania
Mara Region, Tanzania
Mbeya Region, Tanzania
Morogoro Region, Tanzania
Mtwara Region, Tanzania
Mwanza Region, Tanzania
Pemba North Region, Tanzania
Pemba South Region, Tanzania
Pwani, Tanzania
Rukwa Region, Tanzania
Ruvuma Region, Tanzania
Shinyanga Region, Tanzania
Singida Region, Tanzania
Tabora Region, Tanzania
Tanga Region, Tanzania
Zanzibar Central/South Region, Tanzania
Zanzibar North Region, Tanzania
Zanzibar Urban/West Region, Tanzania
Region Centrale, Togo
Region Maritime, Togo
Region de la Kara, Togo
Region des Plateaux, Togo
Region des Savanes, Togo
Gouvernorat de Ariana, Tunisia
Gouvernorat de Ben Arous, Tunisia
Gouvernorat de Bizerte, Tunisia
Gouvernorat de Beja, Tunisia
Gouvernorat de Gabes, Tunisia
Gouvernorat de Gafsa, Tunisia
Gouvernorat de Jendouba, Tunisia
Gouvernorat de Kairouan, Tunisia
Gouvernorat de Kasserine, Tunisia
Gouvernorat de Kebili, Tunisia
Gouvernorat de Kef, Tunisia
Gouvernorat de Mahdia, Tunisia
Gouvernorat de Monastir, Tunisia
Gouvernorat de Medenine, Tunisia
Gouvernorat de Nabeul, Tunisia
Gouvernorat de Sfax, Tunisia
Gouvernorat de Sidi Bou Zid, Tunisia
Gouvernorat de Siliana, Tunisia
Gouvernorat de Sousse, Tunisia
Gouvernorat de Tataouine, Tunisia
Gouvernorat de Tozeur, Tunisia
Gouvernorat de Tunis, Tunisia
Gouvernorat de Zaghouan, Tunisia
Gouvernorat de la Manouba, Tunisia
Abim District, Uganda
Adjumani District, Uganda
Agago District, Uganda
Alebtong District, Uganda
Amolatar District, Uganda
Amudat District, Uganda
Amuria District, Uganda
Amuru District, Uganda
Apac District, Uganda
Arua District, Uganda
Budaka District, Uganda
Bududa District, Uganda
Bugiri District, Uganda
Buhweju District, Uganda
Buikwe District, Uganda
Bukedea, Uganda
Bukomansimbi District, Uganda
Bukwa District, Uganda
Bulambuli District, Uganda
Bulisa District, Uganda
Bundibugyo District, Uganda
Bushenyi District, Uganda
Busia District, Uganda
Butaleja District, Uganda
Butambala District, Uganda
Buvuma District, Uganda
Buyende District, Uganda
Dokolo District, Uganda
Gomba District, Uganda
Gulu District, Uganda
Hoima District, Uganda
Ibanda District, Uganda
Iganga District, Uganda
Isingiro District, Uganda
Jinja District, Uganda
Kaabong District, Uganda
Kabale, Uganda
Kabarole District, Uganda
Kaberamaido District, Uganda
Kalangala District, Uganda
Kaliro District, Uganda
Kalungu District, Uganda
Kampala District, Uganda
Kamuli District, Uganda
Kamwenge District, Uganda
Kanungu District, Uganda
Kapchorwa District, Uganda
Kasese District, Uganda
Katakwi District, Uganda
Kayunga District, Uganda
Kibale District, Uganda
Kiboga District, Uganda
Kibuku District, Uganda
Kiruhura District, Uganda
Kiryandongo District, Uganda
Kisoro District, Uganda
Kitgum District, Uganda
Koboko District, Uganda
Kole District, Uganda
Kotido District, Uganda
Kumi District, Uganda
Kween District, Uganda
Kyankwanzi District, Uganda
Kyegegwa District, Uganda
Kyenjojo District, Uganda
Lamwo District, Uganda
Lira District, Uganda
Luuka District, Uganda
Luwero District, Uganda
Lwengo District, Uganda
Lyantonde District, Uganda
Manafwa District, Uganda
Maracha District, Uganda
Masaka District, Uganda
Masindi District, Uganda
Mayuge District, Uganda
Mbale District, Uganda
Mbarara District, Uganda
Mitoma District, Uganda
Mityana District, Uganda
Moroto District, Uganda
Moyo District, Uganda
Mpigi District, Uganda
Mubende District, Uganda
Mukono District, Uganda
Nakapiripirit District, Uganda
Nakaseke District, Uganda
Nakasongola District, Uganda
Namayingo District, Uganda
Namutumba District, Uganda
Napak District, Uganda
Nebbi District, Uganda
Ngora District, Uganda
Ntoroko District, Uganda
Ntungamo District, Uganda
Nwoya District, Uganda
Otuke District, Uganda
Oyam District, Uganda
Pader District, Uganda
Pallisa District, Uganda
Rakai District, Uganda
Rubirizi District, Uganda
Rukungiri District, Uganda
Sembabule District, Uganda
Serere District, Uganda
Sheema District, Uganda
Sironko District, Uganda
Soroti District, Uganda
Tororo District, Uganda
Wakiso District, Uganda
Yumbe District, Uganda
Zombo District, Uganda
Central Province, Zambia
Copperbelt, Zambia
Eastern Province, Zambia
Luapula Province, Zambia
Lusaka Province, Zambia
North-Western Province, Zambia
Northern Province, Zambia
Southern Province, Zambia
Western Province, Zambia
Bulawayo Province, Zimbabwe
Harare Province, Zimbabwe
Manicaland Province, Zimbabwe
Mashonaland Central Province, Zimbabwe
Mashonaland East Province, Zimbabwe
Mashonaland West, Zimbabwe
Masvingo Province, Zimbabwe
Matabeleland North Province, Zimbabwe
Matabeleland South Province, Zimbabwe
Midlands Province, Zimbabwe
