Badakhshan, Afghanistan
Badghis, Afghanistan
Farah, Afghanistan
Faryab, Afghanistan
Helmand, Afghanistan
Herat, Afghanistan
Kabul, Afghanistan
Kunduz, Afghanistan
Oruzgan, Afghanistan
Paktia, Afghanistan
Panjshir, Afghanistan
Velayat-e Khowst, Afghanistan
Velayat-e Nurestan, Afghanistan
Wilayat-e Baghlan, Afghanistan
Wilayat-e Balkh, Afghanistan
Wilayat-e Bamyan, Afghanistan
Wilayat-e Daykundi, Afghanistan
Wilayat-e Ghazni, Afghanistan
Wilayat-e Ghor, Afghanistan
Wilayat-e Jowzjan, Afghanistan
Wilayat-e Kandahar, Afghanistan
Wilayat-e Kunar, Afghanistan
Wilayat-e Kapisa, Afghanistan
Wilayat-e Laghman, Afghanistan
Wilayat-e Logar, Afghanistan
Wilayat-e Nangarhar, Afghanistan
Wilayat-e Nimroz, Afghanistan
Wilayat-e Paktika, Afghanistan
Wilayat-e Parwan, Afghanistan
Wilayat-e Samangan, Afghanistan
Wilayat-e Sar-e Pul, Afghanistan
Wilayat-e Takhar, Afghanistan
Wilayat-e Wardak, Afghanistan
Zabul, Afghanistan
Aragatsotni Marz, Armenia
Ararati Marz, Armenia
Armaviri Marz, Armenia
Gegharkuniki Marz, Armenia
Kotayki Marz, Armenia
Lorru Marz, Armenia
Shiraki Marz, Armenia
Syuniki Marz, Armenia
Tavushi Marz, Armenia
Vayots Dzori Marz, Armenia
Yerevan, Armenia
Absheron Rayon, Azerbaijan
Aghdam Rayon, Azerbaijan
Aghdash Rayon, Azerbaijan
Aghjabadi Rayon, Azerbaijan
Aghstafa Rayon, Azerbaijan
Aghsu Rayon, Azerbaijan
Ali Bajramly, Azerbaijan
Astara Rayon, Azerbaijan
Baku City, Azerbaijan
Balakan Rayon, Azerbaijan
Barda Rayon, Azerbaijan
Beylagan Rayon, Azerbaijan
Bilasuvar Rayon, Azerbaijan
Cbrayl Rayonu, Azerbaijan
Dashkasan Rayon, Azerbaijan
Davachi Rayon, Azerbaijan
Fizuli Rayon, Azerbaijan
Gadabay Rayon, Azerbaijan
Ganja City, Azerbaijan
Gobustan Rayon, Azerbaijan
Goranboy Rayon, Azerbaijan
Goychay Rayon, Azerbaijan
Goygol Rayon, Azerbaijan
Hajigabul Rayon, Azerbaijan
Imishli Rayon, Azerbaijan
Ismayilli Rayon, Azerbaijan
Jalilabad Rayon, Azerbaijan
Khachmaz Rayon, Azerbaijan
Khizi Rayon, Azerbaijan
Kurdamir Rayon, Azerbaijan
Klbcr Rayonu, Azerbaijan
Lankaran Rayon, Azerbaijan
Lacn Rayonu, Azerbaijan
Lerik Rayon, Azerbaijan
Lnkran Shri, Azerbaijan
Masally Rayon, Azerbaijan
Mingacevir City, Azerbaijan
Naftalan City, Azerbaijan
Nakhichevan, Azerbaijan
Neftchala Rayon, Azerbaijan
Oghuz Rayon, Azerbaijan
Qabala Rayon, Azerbaijan
Qakh Rayon, Azerbaijan
Qazakh Rayon, Azerbaijan
Quba Rayon, Azerbaijan
Qubadli Rayon, Azerbaijan
Qusar Rayon, Azerbaijan
Saatly Rayon, Azerbaijan
Sabirabad Rayon, Azerbaijan
Salyan Rayon, Azerbaijan
Samukh Rayon, Azerbaijan
Shaki City, Azerbaijan
Shaki Rayon, Azerbaijan
Shamakhi Rayon, Azerbaijan
Shamkir Rayon, Azerbaijan
Siazan Rayon, Azerbaijan
Sumqayit City, Azerbaijan
Tartar Rayon, Azerbaijan
Tovuz Rayon, Azerbaijan
Ujar Rayon, Azerbaijan
Xankndi Shri, Azerbaijan
Xocal Rayonu, Azerbaijan
Xocavnd Rayonu, Azerbaijan
Yardymli Rayon, Azerbaijan
Yevlakh Rayon, Azerbaijan
Yevlax City, Azerbaijan
Zangilan Rayon, Azerbaijan
Zaqatala Rayon, Azerbaijan
Zardab Rayon, Azerbaijan
Susa Rayonu, Azerbaijan
Susa Shri, Azerbaijan
Capital Governorate, Bahrain
Central Governorate, Bahrain
Muharraq, Bahrain
Northern Governorate, Bahrain
Southern Governorate, Bahrain
Borishal, Bangladesh
Chittagong, Bangladesh
Dhaka Division, Bangladesh
Khulna Division, Bangladesh
Rangpur Division, Bangladesh
Rajshahi Division, Bangladesh
Sylhet Division, Bangladesh
Bumthang Dzongkhag, Bhutan
Chhukha Dzongkhag, Bhutan
Dagana Dzongkhag, Bhutan
Gasa, Bhutan
Haa Dzongkhag, Bhutan
Lhuentse Dzongkhag, Bhutan
Mongar Dzongkhag, Bhutan
Paro, Bhutan
Pemagatshel Dzongkhag, Bhutan
Punakha Dzongkhag, Bhutan
Samdrup Jongkhar, Bhutan
Samtse Dzongkhag, Bhutan
Sarpang Dzongkhag, Bhutan
Thimphu Dzongkhag, Bhutan
Trashi Yangste, Bhutan
Trashigang Dzongkhag, Bhutan
Trongsa Dzongkhag, Bhutan
Tsirang Dzongkhag, Bhutan
Wangdue Phodrang Dzongkhag, Bhutan
Zhemgang Dzongkhag, Bhutan
British Indian Ocean Territory (general), British Indian Ocean Territory
Belait District, Brunei
Brunei and Muara District, Brunei
Temburong District, Brunei
Tutong District, Brunei
Khett Banteay Mean Choay, Cambodia
Khett Batdambang, Cambodia
Khett Kaoh Kong, Cambodia
Khett Kracheh, Cambodia
Khett Kampong Cham, Cambodia
Khett Kampong Chhnang, Cambodia
Khett Kampong Sp, Cambodia
Khett Kampong Thum, Cambodia
Khett Kampot, Cambodia
Khett Kandal, Cambodia
Khett Keb, Cambodia
Khett Mondol Kiri, Cambodia
Khett Pailin, Cambodia
Khett Pouthisat, Cambodia
Khett Prey Veng, Cambodia
Khett Preah Seihanu, Cambodia
Khett Preah Vihear, Cambodia
Khett Siem Reab, Cambodia
Khett Stng Treng, Cambodia
Khett Svay Rieng, Cambodia
Khett Takev, Cambodia
Khett Rotanokiri, Cambodia
Krong Phnum Penh, Cambodia
Otar Meanchey, Cambodia
Anhui Sheng, China
Beijing Shi, China
Chongqing Shi, China
Fujian, China
Gansu Sheng, China
Guangdong Sheng, China
Guangxi Zhuangzu Zizhiqu, China
Guizhou Sheng, China
Hainan, China
Hebei, China
Heilongjiang Sheng, China
Henan Sheng, China
Hubei, China
Hunan, China
Inner Mongolia, China
Jiangsu Sheng, China
Jiangxi Sheng, China
Jilin Sheng, China
Liaoning, China
Ningxia Huizu Zizhiqu, China
Qinghai Sheng, China
Shaanxi Sheng, China
Shandong Sheng, China
Shanghai Shi, China
Shanxi Sheng, China
Sichuan Sheng, China
Tianjin Shi, China
Tibet Autonomous Region, China
Xinjiang Uygur Zizhiqu, China
Yunnan, China
Zhejiang Sheng, China
Drumsite, Christmas Island
Settlement, Christmas Island
South Point, Christmas Island
The Settlement, Christmas Island
Waterfall, Christmas Island
Bantam Village, Cocos [Keeling] Islands
West Island, Cocos [Keeling] Islands
Abkhazia, Georgia
Ajaria, Georgia
Guria, Georgia
Imereti, Georgia
K'alak'i T'bilisi, Georgia
Kakheti, Georgia
Kvemo Kartli, Georgia
Mtskheta-Mtianeti, Georgia
Racha-Lechkhumi and Kvemo Svaneti, Georgia
Samegrelo and Zemo Svaneti, Georgia
Samtskhe-Javakheti, Georgia
Shida Kartli, Georgia
Central and Western District, Hong Kong
Eastern, Hong Kong
Islands District, Hong Kong
Kowloon City, Hong Kong
Kwai Tsing, Hong Kong
Kwon Tong, Hong Kong
North, Hong Kong
Sai Kung District, Hong Kong
Sha Tin, Hong Kong
Sham Shui Po, Hong Kong
Southern, Hong Kong
Tai Po District, Hong Kong
Tsuen Wan District, Hong Kong
Tuen Mun, Hong Kong
Wan Chai, Hong Kong
Wong Tai Sin, Hong Kong
Yau Tsim Mong, Hong Kong
Yuen Long District, Hong Kong
Bengal, India
Daman and Diu, India
Goa, India
Haryana, India
Jammu and Kashmir, India
Kerala, India
Laccadives, India
NCT, India
Rajasthan, India
State of Andhra Pradesh, India
State of Arunachal Pradesh, India
State of Assam, India
State of Bihar, India
State of Chhattisgarh, India
State of Gujarat, India
State of Himachal Pradesh, India
State of Jharkhand, India
State of Karnataka, India
State of Madhya Pradesh, India
State of Maharashtra, India
State of Manipur, India
State of Meghalaya, India
State of Mizoram, India
State of Nagaland, India
State of Odisha, India
State of Punjab, India
State of Sikkim, India
State of Tamil Nadu, India
State of Tripura, India
Union Territory of Andaman and Nicobar Islands, India
Union Territory of Chandigarh, India
Union Territory of Dadra and Nagar Haveli, India
Union Territory of Puducherry, India
Uttar Pradesh, India
Uttarakhand, India
Bali, Indonesia
Bangka-Belitung, Indonesia
Central Java, Indonesia
Central Sulawesi, Indonesia
Daerah Istimewa Yogyakarta, Indonesia
Daerah Khusus Ibukota Jakarta, Indonesia
East Java, Indonesia
East Kalimantan, Indonesia
East Nusa Tenggara, Indonesia
North Sulawesi, Indonesia
North Sumatra, Indonesia
Propinsi Bengkulu, Indonesia
Propinsi Gorontalo, Indonesia
Propinsi Nusa Tenggara Barat, Indonesia
Provinsi Banten, Indonesia
Provinsi Jambi, Indonesia
Provinsi Kalimantan Tengah, Indonesia
Provinsi Lampung, Indonesia
Provinsi Maluku, Indonesia
Provinsi Maluku Utara, Indonesia
Provinsi Nanggroe Aceh Darussalam, Indonesia
Provinsi Papua, Indonesia
Provinsi Papua Barat, Indonesia
Provinsi Riau, Indonesia
Provinsi Sulawesi Barat, Indonesia
Provinsi Sulawesi Tenggara, Indonesia
Riau Islands, Indonesia
South Kalimantan, Indonesia
South Sulawesi, Indonesia
South Sumatra, Indonesia
West Java, Indonesia
West Kalimantan, Indonesia
West Sumatra, Indonesia
Bushehr, Iran
East Azarbaijan, Iran
Fars, Iran
Hormozgan, Iran
Markazi, Iran
Mazandaran, Iran
Ostan-e Alborz, Iran
Ostan-e Ardabil, Iran
Ostan-e Chahar Mahal va Bakhtiari, Iran
Ostan-e Esfahan, Iran
Ostan-e Golestan, Iran
Ostan-e Gilan, Iran
Ostan-e Hamadan, Iran
Ostan-e Kerman, Iran
Ostan-e Kermanshah, Iran
Ostan-e Khorasan-e Jonubi, Iran
Ostan-e Khorasan-e Shomali, Iran
Ostan-e Khuzestan, Iran
Ostan-e Kohgiluyeh va Bowyer Ahmad, Iran
Ostan-e Kordestan, Iran
Ostan-e Lorestan, Iran
Ostan-e Qazvin, Iran
Ostan-e Qom, Iran
Ostan-e Sistan va Baluchestan, Iran
Ostan-e Tehran, Iran
Ostan-e Yazd, Iran
Ostan-e Azarbayjan-e Gharbi, Iran
Ostan-e Ilam, Iran
Razavi Khorasan, Iran
Semnan, Iran
Zanjan, Iran
Anbar, Iraq
Dhi Qar, Iraq
Diyala Province, Iraq
Maysan, Iraq
Muhafazat Salah ad Din, Iraq
Muhafazat Wasit, Iraq
Muhafazat Arbil, Iraq
Muhafazat Baghdad, Iraq
Muhafazat Babil, Iraq
Muhafazat Dahuk, Iraq
Muhafazat Karbala, Iraq
Muhafazat Kirkuk, Iraq
Muhafazat Ninawa, Iraq
Muhafazat al Basrah, Iraq
Muhafazat al Muthanna, Iraq
Muhafazat al Qadisiyah, Iraq
Muhafazat an Najaf, Iraq
Muhafazat as Sulaymaniyah, Iraq
Central District, Israel
Haifa District, Israel
Jerusalem District, Israel
Northern District, Israel
Southern District, Israel
Tel Aviv, Israel
Aichi-ken, Japan
Akita-ken, Japan
Aomori-ken, Japan
Chiba-ken, Japan
Ehime, Japan
Fukui-ken, Japan
Fukuoka-ken, Japan
Fukushima-ken, Japan
Gifu-ken, Japan
Gunma-ken, Japan
Hiroshima-ken, Japan
Hokkaido, Japan
Hyogo-ken, Japan
Ibaraki-ken, Japan
Ishikawa-ken, Japan
Iwate-ken, Japan
Kagawa-ken, Japan
Kagoshima-ken, Japan
Kanagawa-ken, Japan
Kumamoto Prefecture, Japan
Kyoto-fu, Japan
Kochi-ken, Japan
Mie-ken, Japan
Miyagi-ken, Japan
Miyazaki-ken, Japan
Nagano-ken, Japan
Nagasaki-ken, Japan
Nara, Japan
Niigata-ken, Japan
Okayama-ken, Japan
Okinawa-ken, Japan
Saga-ken, Japan
Saitama-ken, Japan
Shiga-ken, Japan
Shimane-ken, Japan
Shizuoka-ken, Japan
Tochigi-ken, Japan
Tokushima-ken, Japan
Tottori-ken, Japan
Toyama-ken, Japan
Tokyo-to, Japan
Wakayama-ken, Japan
Yamagata-ken, Japan
Yamaguchi-ken, Japan
Yamanashi-ken, Japan
Oita-ken, Japan
Osaka-fu, Japan
Ajlun, Jordan
Amman, Jordan
Aqaba, Jordan
Balqa, Jordan
Irbid, Jordan
Jerash, Jordan
Karak, Jordan
Madaba, Jordan
Mafraq, Jordan
Maan, Jordan
Tafielah, Jordan
Zarqa, Jordan
Aktyubinskaya Oblast, Kazakhstan
Almaty Oblysy, Kazakhstan
Almaty Qalasy, Kazakhstan
Aqmola Oblysy, Kazakhstan
Astana Qalasy, Kazakhstan
Atyrau Oblysy, Kazakhstan
Batys Qazaqstan Oblysy, Kazakhstan
Bayqongyr Qalasy, Kazakhstan
East Kazakhstan, Kazakhstan
Mangistauskaya Oblast, Kazakhstan
Pavlodar Oblysy, Kazakhstan
Qaraghandy Oblysy, Kazakhstan
Qostanay Oblysy, Kazakhstan
Qyzylorda Oblysy, Kazakhstan
Severo-Kazakhstanskaya Oblast, Kazakhstan
Yuzhno-Kazakhstanskaya Oblast, Kazakhstan
Zhambyl Oblysy, Kazakhstan
Al Farwaniyah, Kuwait
Muhafazat Jahra, Kuwait
Muhafazat Mubarak al Kabir, Kuwait
Muhafazat al Ahmadi, Kuwait
Muhafazat al Asimah, Kuwait
Muhafazat Hawalli, Kuwait
Batken Oblasty, Kyrgyzstan
Bishkek, Kyrgyzstan
Chuy, Kyrgyzstan
Issyk-Kulskaya Oblast, Kyrgyzstan
Jalal-Abad Oblasty, Kyrgyzstan
Naryn Oblasty, Kyrgyzstan
Osh Oblasty, Kyrgyzstan
Talas Oblasty, Kyrgyzstan
Kampheng Nakhon Viangchan, Laos
Khoueng Attapu, Laos
Khoueng Bokeo, Laos
Khoueng Bolikhamxai, Laos
Khoueng Champasak, Laos
Khoueng Houaphan, Laos
Khoueng Khammouan, Laos
Khoueng Louangnamtha, Laos
Khoueng Oudomxai, Laos
Khoueng Phongsali, Laos
Khoueng Salavan, Laos
Khoueng Savannakhet, Laos
Khoueng Viangchan, Laos
Khoueng Xaignabouli, Laos
Khoueng Xiangkhouang, Laos
Khoueng Xekong, Laos
Luang Prabang Province, Laos
Mohafazat Aakar, Lebanon
Mohafazat Baalbek-Hermel, Lebanon
Mohafazat Beyrouth, Lebanon
Mohafazat Beqaa, Lebanon
Mohafazat Liban-Nord, Lebanon
Mohafazat Liban-Sud, Lebanon
Mohafazat Mont-Liban, Lebanon
Mohafazat Nabatiye, Lebanon
Concelho das Ilhas, Macao
Concelho de Macau, Macao
Johor, Malaysia
Kedah, Malaysia
Kelantan, Malaysia
Kuala Lumpur, Malaysia
Labuan, Malaysia
Melaka, Malaysia
Negeri Sembilan, Malaysia
Pahang, Malaysia
Perak, Malaysia
Perlis, Malaysia
Pulau Pinang, Malaysia
Putrajaya, Malaysia
Sabah, Malaysia
Sarawak, Malaysia
Selangor, Malaysia
Terengganu, Malaysia
Baa Atholhu, Maldives
Central Province, Maldives
Dhaalu Atholhu, Maldives
Faafu Atholhu, Maldives
Gaafu Alifu Atholhu, Maldives
Gaafu Dhaalu Atholhu, Maldives
Gnyaviyani Atoll, Maldives
Haa Alifu Atholhu, Maldives
Haa Dhaalu Atholhu, Maldives
Kaafu Atoll, Maldives
Laamu Atholhu, Maldives
Lhaviyani Atholhu, Maldives
Maale, Maldives
Meemu Atholhu, Maldives
Noonu Atoll, Maldives
North Central Province, Maldives
North Province, Maldives
Northern Ari Atoll, Maldives
Raa Atholhu, Maldives
Seenu Atholhu, Maldives
Shaviyani Atholhu, Maldives
South Central Province, Maldives
South Province, Maldives
Thaa Atholhu, Maldives
Upper North Province, Maldives
Upper South Province, Maldives
Vaavu Atholhu, Maldives
Arhangay Aymag, Mongolia
Bayan-Olgiy Aymag, Mongolia
Bayanhongor Aymag, Mongolia
Bulgan Aymag, Mongolia
Central Aimak, Mongolia
Darhan-Uul Aymag, Mongolia
Dzavhan Aymag, Mongolia
East Govi, Mongolia
Eastern Aymag, Mongolia
Govi-Altay Aymag, Mongolia
Govi-Sumber, Mongolia
Hentiy Aymag, Mongolia
Hovd Aymag, Mongolia
Hovsgol Aymag, Mongolia
Middle Govi, Mongolia
Orhon Aymag, Mongolia
Selenge Aymag, Mongolia
South Gobi Aimak, Mongolia
Suhbaatar Aymag, Mongolia
Ulaanbaatar Hot, Mongolia
Uvs Aymag, Mongolia
Ovorhangay, Mongolia
Ayeyarwady Division, Myanmar [Burma]
Bago Division, Myanmar [Burma]
Chin State, Myanmar [Burma]
Kachin State, Myanmar [Burma]
Kayah State, Myanmar [Burma]
Kayin State, Myanmar [Burma]
Magway Division, Myanmar [Burma]
Mandalay Division, Myanmar [Burma]
Mon State, Myanmar [Burma]
Rakhine State, Myanmar [Burma]
Sagaing Division, Myanmar [Burma]
Shan State, Myanmar [Burma]
Tanintharyi Division, Myanmar [Burma]
Yangon Division, Myanmar [Burma]
Central Region, Nepal
Eastern Region, Nepal
Far Western Region, Nepal
Mid Western Region, Nepal
Western Region, Nepal
Chagang-do, North Korea
Gangwon, North Korea
Hamgyong-bukto, North Korea
Hamgyong-namdo, North Korea
Hwanghae-bukto, North Korea
Hwanghae-namdo, North Korea
Nason-si, North Korea
Pyongan-bukto, North Korea
Pyongan-namdo, North Korea
Pyongyang-si, North Korea
Yanggang-do, North Korea
Al Mintaqah ad Dakhiliyah, Oman
Al Mintaqah al Wusta, Oman
Al Mintaqah ash Sharqiyah, Oman
Mintaqat al Batinah, Oman
Mintaqat az Zahirah, Oman
Muhafazat Masqat, Oman
Muhafazat Musandam, Oman
Muhafazat Zufar, Oman
Muhafazat al Buraymi, Oman
Azad Kashmir, Pakistan
Balochistan, Pakistan
Federally Administered Tribal Areas, Pakistan
Gilgit-Baltistan, Pakistan
Islamabad Capital Territory, Pakistan
North West Frontier Province, Pakistan
Punjab, Pakistan
Sindh, Pakistan
Gaza Strip, Palestine
West Bank, Palestine
Autonomous Region in Muslim Mindanao, Philippines
Bicol, Philippines
Cagayan Valley, Philippines
Calabarzon, Philippines
Caraga, Philippines
Central Luzon, Philippines
Central Visayas, Philippines
Cordillera Administrative Region, Philippines
Davao, Philippines
Eastern Visayas, Philippines
Ilocos, Philippines
Mimaropa, Philippines
National Capital Region, Philippines
Northern Mindanao, Philippines
Soccsksargen, Philippines
Western Visayas, Philippines
Zamboanga Peninsula, Philippines
Baladiyat Jarayan al Batinah, Qatar
Baladiyat Umm Said, Qatar
Baladiyat Umm Salal, Qatar
Baladiyat ad Dawhah, Qatar
Baladiyat al Ghuwayriyah, Qatar
Baladiyat al Jumayliyah, Qatar
Baladiyat al Khawr wa adh Dhakhirah, Qatar
Baladiyat al Wakrah, Qatar
Baladiyat ar Rayyan, Qatar
Baladiyat ash Shamal, Qatar
Baladiyat az Zaayin, Qatar
Al Mintaqah ash Sharqiyah, Saudi Arabia
Mintaqat Jizan, Saudi Arabia
Mintaqat Makkah, Saudi Arabia
Mintaqat Najran, Saudi Arabia
Mintaqat Tabuk, Saudi Arabia
Mintaqat al Bahah, Saudi Arabia
Mintaqat al Jawf, Saudi Arabia
Mintaqat al Madinah, Saudi Arabia
Mintaqat al Qasim, Saudi Arabia
Mintaqat ar Riyad, Saudi Arabia
Mintaqat Hail, Saudi Arabia
Mintaqat Asir, Saudi Arabia
Northern Borders Region, Saudi Arabia
Central Singapore Community Development Council, Singapore
North East Community Development Region, Singapore
North West Community Development Council, Singapore
South East Community Development Council, Singapore
South West Community Development Council, Singapore
Busan, South Korea
Daegu, South Korea
Daejeon, South Korea
Gangwon, South Korea
Gwangju, South Korea
Gyeonggi, South Korea
Incheon, South Korea
Jeju, South Korea
North Chungcheong, South Korea
North Gyeongsang, South Korea
North Jeolla, South Korea
Seoul, South Korea
South Chungcheong, South Korea
South Gyeongsang, South Korea
South Jeolla, South Korea
Ulsan, South Korea
Central Province, Sri Lanka
Eastern Province, Sri Lanka
North Central Province, Sri Lanka
North Western Province, Sri Lanka
Northern Province, Sri Lanka
Province of Sabaragamuwa, Sri Lanka
Province of Uva, Sri Lanka
Southern Province, Sri Lanka
Western Province, Sri Lanka
Al-Hasakah, Syria
Aleppo, Syria
Ar-Raqqah, Syria
As-Suwayda, Syria
Damascus City, Syria
Daraa, Syria
Deir ez-Zor, Syria
Hama, Syria
Homs, Syria
Idlib, Syria
Latakia, Syria
Quneitra, Syria
Rif-dimashq, Syria
Tartus, Syria
Fukien, Taiwan
Kaohsiung, Taiwan
Taipei, Taiwan
Taiwan, Taiwan
Dushanbe, Tajikistan
Gorno-Badakhshan, Tajikistan
Region of Republican Subordination, Tajikistan
Viloyati Khatlon, Tajikistan
Viloyati Sughd, Tajikistan
Bangkok, Thailand
Changawat Chanthaburi, Thailand
Changwat Amnat Charoen, Thailand
Changwat Ang Thong, Thailand
Changwat Bueng Kan, Thailand
Changwat Buriram, Thailand
Changwat Chachoengsao, Thailand
Changwat Chai Nat, Thailand
Changwat Chaiyaphum, Thailand
Changwat Chiang Rai, Thailand
Changwat Chon Buri, Thailand
Changwat Chumphon, Thailand
Changwat Kalasin, Thailand
Changwat Kamphaeng Phet, Thailand
Changwat Kanchanaburi, Thailand
Changwat Khon Kaen, Thailand
Changwat Krabi, Thailand
Changwat Lampang, Thailand
Changwat Lamphun, Thailand
Changwat Loei, Thailand
Changwat Lop Buri, Thailand
Changwat Mae Hong Son, Thailand
Changwat Maha Sarakham, Thailand
Changwat Mukdahan, Thailand
Changwat Nakhon Nayok, Thailand
Changwat Nakhon Pathom, Thailand
Changwat Nakhon Phanom, Thailand
Changwat Nakhon Ratchasima, Thailand
Changwat Nakhon Sawan, Thailand
Changwat Nakhon Si Thammarat, Thailand
Changwat Nan, Thailand
Changwat Narathiwat, Thailand
Changwat Nong Bua Lamphu, Thailand
Changwat Nong Khai, Thailand
Changwat Nonthaburi, Thailand
Changwat Pathum Thani, Thailand
Changwat Pattani, Thailand
Changwat Phangnga, Thailand
Changwat Phatthalung, Thailand
Changwat Phayao, Thailand
Changwat Phetchabun, Thailand
Changwat Phetchaburi, Thailand
Changwat Phichit, Thailand
Changwat Phitsanulok, Thailand
Changwat Phra Nakhon Si Ayutthaya, Thailand
Changwat Phrae, Thailand
Changwat Prachin Buri, Thailand
Changwat Prachuap Khiri Khan, Thailand
Changwat Ranong, Thailand
Changwat Ratchaburi, Thailand
Changwat Rayong, Thailand
Changwat Roi Et, Thailand
Changwat Sa Kaeo, Thailand
Changwat Sakon Nakhon, Thailand
Changwat Samut Prakan, Thailand
Changwat Samut Sakhon, Thailand
Changwat Samut Songkhram, Thailand
Changwat Sara Buri, Thailand
Changwat Satun, Thailand
Changwat Sing Buri, Thailand
Changwat Sisaket, Thailand
Changwat Songkhla, Thailand
Changwat Sukhothai, Thailand
Changwat Suphan Buri, Thailand
Changwat Surat Thani, Thailand
Changwat Surin, Thailand
Changwat Tak, Thailand
Changwat Trang, Thailand
Changwat Trat, Thailand
Changwat Ubon Ratchathani, Thailand
Changwat Udon Thani, Thailand
Changwat Uthai Thani, Thailand
Changwat Uttaradit, Thailand
Changwat Yala, Thailand
Changwat Yasothon, Thailand
Chiang Mai Province, Thailand
Phuket Province, Thailand
Adana, Turkey
Adyaman, Turkey
Afyonkarahisar, Turkey
Aksaray, Turkey
Amasya, Turkey
Ankara, Turkey
Antalya, Turkey
Ardahan, Turkey
Artvin, Turkey
Aydn, Turkey
Agr, Turkey
Balkesir, Turkey
Bartn, Turkey
Batman, Turkey
Bayburt, Turkey
Bilecik, Turkey
Bingol, Turkey
Bitlis, Turkey
Bolu, Turkey
Burdur, Turkey
Bursa, Turkey
Denizli, Turkey
Diyarbakr, Turkey
Duzce, Turkey
Edirne, Turkey
Elazg, Turkey
Erzincan, Turkey
Erzurum, Turkey
Eskisehir, Turkey
Gaziantep, Turkey
Giresun, Turkey
Gumushane, Turkey
Hakkari, Turkey
Hatay, Turkey
Isparta, Turkey
Istanbul, Turkey
Igdr, Turkey
Kahramanmaras, Turkey
Karabuk, Turkey
Karaman, Turkey
Kars, Turkey
Kastamonu, Turkey
Kayseri, Turkey
Kilis, Turkey
Kocaeli, Turkey
Konya, Turkey
Kutahya, Turkey
Krklareli, Turkey
Krkkale, Turkey
Krsehir, Turkey
Malatya, Turkey
Manisa, Turkey
Mardin, Turkey
Mersin, Turkey
Mugla, Turkey
Mus, Turkey
Nevsehir, Turkey
Nigde, Turkey
Ordu, Turkey
Osmaniye, Turkey
Rize, Turkey
Sakarya, Turkey
Samsun, Turkey
Siirt, Turkey
Sinop, Turkey
Sivas, Turkey
Tekirdag, Turkey
Tokat, Turkey
Trabzon, Turkey
Tunceli, Turkey
Usak, Turkey
Van, Turkey
Yalova, Turkey
Yozgat, Turkey
Zonguldak, Turkey
Canakkale, Turkey
Cankr, Turkey
Corum, Turkey
Izmir, Turkey
Sanlurfa, Turkey
Srnak, Turkey
Ahal Welayaty, Turkmenistan
Balkan Welayaty, Turkmenistan
Dasoguz Welayaty, Turkmenistan
Lebap Welayaty, Turkmenistan
Mary Welayaty, Turkmenistan
Abu Zaby, United Arab Emirates
Ajman, United Arab Emirates
Al Fujayrah, United Arab Emirates
Ash Shariqah, United Arab Emirates
Dubayy, United Arab Emirates
Ras al Khaymah, United Arab Emirates
Umm al Qaywayn, United Arab Emirates
Andijan, Uzbekistan
Bukhara, Uzbekistan
Fergana, Uzbekistan
Jizzakh Province, Uzbekistan
Karakalpakstan, Uzbekistan
Kashkadarya Province, Uzbekistan
Namangan Province, Uzbekistan
Navoiy Province, Uzbekistan
Samarqand Viloyati, Uzbekistan
Sirdaryo Viloyati, Uzbekistan
Surxondaryo Viloyati, Uzbekistan
Toshkent Shahri, Uzbekistan
Toshkent Viloyati, Uzbekistan
Xorazm Viloyati, Uzbekistan
Hau Giang, Vietnam
Huyen ien Bien, Vietnam
Thanh Pho Hai Phong, Vietnam
Thanh pho Ho Chi Minh, Vietnam
Thu o Ha Noi, Vietnam
Tinh An Giang, Vietnam
Tinh Ba Ria-Vung Tau, Vietnam
Tinh Binh Duong, Vietnam
Tinh Binh Phuoc, Vietnam
Tinh Binh Thuan, Vietnam
Tinh Binh inh, Vietnam
Tinh Bac Lieu, Vietnam
Tinh Bac Giang, Vietnam
Tinh Bac Kan, Vietnam
Tinh Bac Ninh, Vietnam
Tinh Ben Tre, Vietnam
Tinh Cao Bang, Vietnam
Tinh Ca Mau, Vietnam
Tinh Can Tho, Vietnam
Tinh Gia Lai, Vietnam
Tinh Ha Giang, Vietnam
Tinh Ha Nam, Vietnam
Tinh Ha Tay, Vietnam
Tinh Ha Tinh, Vietnam
Tinh Hoa Binh, Vietnam
Tinh Hung Yen, Vietnam
Tinh Hai Duong, Vietnam
Tinh Khanh Hoa, Vietnam
Tinh Kien Giang, Vietnam
Tinh Kon Tum, Vietnam
Tinh Lai Chau, Vietnam
Tinh Long An, Vietnam
Tinh Lao Cai, Vietnam
Tinh Lam ong, Vietnam
Tinh Lang Son, Vietnam
Tinh Nam inh, Vietnam
Tinh Nghe An, Vietnam
Tinh Ninh Binh, Vietnam
Tinh Ninh Thuan, Vietnam
Tinh Phu Tho, Vietnam
Tinh Phu Yen, Vietnam
Tinh Quang Binh, Vietnam
Tinh Quang Nam, Vietnam
Tinh Quang Ngai, Vietnam
Tinh Quang Ninh, Vietnam
Tinh Quang Tri, Vietnam
Tinh Soc Trang, Vietnam
Tinh Son La, Vietnam
Tinh Thanh Hoa, Vietnam
Tinh Thai Binh, Vietnam
Tinh Thai Nguyen, Vietnam
Tinh Thua Thien-Hue, Vietnam
Tinh Tien Giang, Vietnam
Tinh Tra Vinh, Vietnam
Tinh Tuyen Quang, Vietnam
Tinh Tay Ninh, Vietnam
Tinh Vinh Long, Vietnam
Tinh Vinh Phuc, Vietnam
Tinh Yen Bai, Vietnam
Tinh a Nang, Vietnam
Tinh ac Lak, Vietnam
Tinh ong Nai, Vietnam
Tinh ong Thap, Vietnam
ak Nong, Vietnam
Aden, Yemen
Amanat Al Asimah, Yemen
Muhafazat Abyan, Yemen
Muhafazat Dhamar, Yemen
Muhafazat Ibb, Yemen
Muhafazat Lahij, Yemen
Muhafazat Marib, Yemen
Muhafazat Raymah, Yemen
Muhafazat Shabwah, Yemen
Muhafazat Taizz, Yemen
Muhafazat al Bayda, Yemen
Muhafazat al Jawf, Yemen
Muhafazat al Mahrah, Yemen
Muhafazat al Mahwit, Yemen
Muhafazat al Hudaydah, Yemen
Muhafazat ad Dali, Yemen
Muhafazat Sadah, Yemen
Muhafazat Hajjah, Yemen
Muhafazat Hadramawt, Yemen
Omran, Yemen
Sanaa, Yemen
