Australian Capital Territory, Australia
New South Wales, Australia
Northern Territory, Australia
Queensland, Australia
South Australia, Australia
Tasmania, Australia
Victoria, Australia
Western Australia, Australia
Amuri, Cook Islands
Areora, Cook Islands
Areora, Cook Islands
Arorangi, Cook Islands
Arutanga, Cook Islands
Avarua, Cook Islands
Avatiu, Cook Islands
Ivirua, Cook Islands
Karanga Village, Cook Islands
Kimiangatau Village, Cook Islands
Mangarei Village, Cook Islands
Mapumai, Cook Islands
Matavera, Cook Islands
Muri, Cook Islands
Natikitea, Cook Islands
Ngatangiia, Cook Islands
Ngatiarua, Cook Islands
Ngatiarua, Cook Islands
Nikao, Cook Islands
Nikaupara, Cook Islands
Nukatere, Cook Islands
Nukuao, Cook Islands
Omoka, Cook Islands
Oneroa, Cook Islands
Palmerston, Cook Islands
Papaolematuu, Cook Islands
Papapapaitai, Cook Islands
Papapapaiuta, Cook Islands
Pue, Cook Islands
Reureu, Cook Islands
Roto, Cook Islands
Tamarua, Cook Islands
Tauhunu, Cook Islands
Tautu, Cook Islands
Te Enui, Cook Islands
Te Tautua, Cook Islands
Tengatangi, Cook Islands
Titikaveka, Cook Islands
Tukao, Cook Islands
Vaipae, Cook Islands
Bobonaro, East Timor
Distrito Aileu, East Timor
Distrito Ainaro, East Timor
Distrito Bacau, East Timor
Distrito Cova Lima, East Timor
Distrito Dili, East Timor
Distrito Lautem, East Timor
Distrito Liquica, East Timor
Distrito Manatuto, East Timor
Distrito Oecussi-Ambeno, East Timor
Distrito Viqueque, East Timor
Ermera, East Timor
Manufahi, East Timor
Central, Fiji
Eastern, Fiji
Northern, Fiji
Rotuma, Fiji
Western, Fiji
Iles Australes, French Polynesia
Iles Marquises, French Polynesia
Iles Sous-le-Vent, French Polynesia
Iles Tuamotu-Gambier, French Polynesia
Iles du Vent, French Polynesia
Agana Heights Municipality, Guam
Agat Municipality, Guam
Asan-Maina Municipality, Guam
Barrigada Municipality, Guam
Chalan Pago-Ordot Municipality, Guam
Dededo Municipality, Guam
Hagatna Municipality, Guam
Inarajan Municipality, Guam
Mangilao Municipality, Guam
Merizo Municipality, Guam
Mongmong-Toto-Maite Municipality, Guam
Piti Municipality, Guam
Santa Rita Municipality, Guam
Sinajana Municipality, Guam
Talofofo Municipality, Guam
Tamuning-Tumon-Harmon Municipality, Guam
Umatac Municipality, Guam
Yigo Municipality, Guam
Yona Municipality, Guam
Gilbert Islands, Kiribati
Line Islands, Kiribati
Phoenix Islands, Kiribati
Ailinginae Atoll, Marshall Islands
Ailinglaplap Atoll, Marshall Islands
Ailuk Atoll, Marshall Islands
Arno Atoll, Marshall Islands
Aur Atoll, Marshall Islands
Bikar Atoll, Marshall Islands
Bikini Atoll, Marshall Islands
Bokak Atoll, Marshall Islands
Ebon Atoll, Marshall Islands
Enewetak Atoll, Marshall Islands
Erikub Atoll, Marshall Islands
Jabat Island, Marshall Islands
Jaluit Atoll, Marshall Islands
Jemo Island, Marshall Islands
Kili Island, Marshall Islands
Kwajalein Atoll, Marshall Islands
Lae Atoll, Marshall Islands
Lib Island, Marshall Islands
Likiep Atoll, Marshall Islands
Majuro Atoll, Marshall Islands
Maloelap Atoll, Marshall Islands
Mejit Island, Marshall Islands
Mili Atoll, Marshall Islands
Namdrik Atoll, Marshall Islands
Namu Atoll, Marshall Islands
Rongelap Atoll, Marshall Islands
Rongrik Atoll, Marshall Islands
Taka Atoll, Marshall Islands
Ujae Atoll, Marshall Islands
Ujelang Atoll, Marshall Islands
Utrik Atoll, Marshall Islands
Wotho Atoll, Marshall Islands
Wotje Atoll, Marshall Islands
State of Chuuk, Micronesia
State of Kosrae, Micronesia
State of Pohnpei, Micronesia
State of Yap, Micronesia
Aiwo, Nauru
Anabar, Nauru
Anetan, Nauru
Anibare, Nauru
Baiti, Nauru
Boe, Nauru
Buada, Nauru
Denigomodu, Nauru
Ewa, Nauru
Ijuw, Nauru
Meneng, Nauru
Nibok, Nauru
Uaboe, Nauru
Yaren, Nauru
Province Nord, New Caledonia
Province Sud, New Caledonia
Province des iles Loyaute, New Caledonia
Auckland, New Zealand
Bay of Plenty, New Zealand
Canterbury, New Zealand
Chatham Islands, New Zealand
Gisborne, New Zealand
Hawke's Bay, New Zealand
Manawatu-Wanganui, New Zealand
Marlborough, New Zealand
Nelson, New Zealand
Northland, New Zealand
Otago, New Zealand
Southland, New Zealand
Taranaki, New Zealand
Tasman, New Zealand
Waikato, New Zealand
Wellington, New Zealand
West Coast, New Zealand
Alofi, Niue
Avatele, Niue
Fatiau, Niue
Hakupu, Niue
Hikutivake, Niue
Huvalu, Niue
Lakepa, Niue
Liha, Niue
Liku, Niue
Makefu, Niue
Mamakula, Niue
Matalave, Niue
Mutalau, Niue
Taoli, Niue
Tuapa, Niue
Cascade Station, Norfolk Island
Kingston, Norfolk Island
Longridge Station, Norfolk Island
Northern Islands Municipality, Northern Mariana Islands
Rota Municipality, Northern Mariana Islands
Saipan Municipality, Northern Mariana Islands
Tinian Municipality, Northern Mariana Islands
State of Aimeliik, Palau
State of Airai, Palau
State of Angaur, Palau
State of Hatohobei, Palau
State of Kayangel, Palau
State of Koror, Palau
State of Melekeok, Palau
State of Ngaraard, Palau
State of Ngarchelong, Palau
State of Ngardmau, Palau
State of Ngatpang, Palau
State of Ngchesar, Palau
State of Ngeremlengui, Palau
State of Ngiwal, Palau
State of Peleliu, Palau
State of Sonsorol, Palau
Bougainville, Papua New Guinea
Central Province, Papua New Guinea
Chimbu Province, Papua New Guinea
East New Britain Province, Papua New Guinea
East Sepik Province, Papua New Guinea
Eastern Highlands Province, Papua New Guinea
Enga Province, Papua New Guinea
Gulf Province, Papua New Guinea
Madang Province, Papua New Guinea
Manus Province, Papua New Guinea
Milne Bay Province, Papua New Guinea
Morobe Province, Papua New Guinea
National Capital District, Papua New Guinea
New Ireland, Papua New Guinea
Northern Province, Papua New Guinea
Sandaun Province, Papua New Guinea
Southern Highlands Province, Papua New Guinea
West New Britain Province, Papua New Guinea
Western Highlands Province, Papua New Guinea
Western Province, Papua New Guinea
Adams Town, Pitcairn Islands
Kundur marqa, Pitcairn Islands
place, Pitcairn Islands
A`ana, Samoa
Aiga-i-le-Tai, Samoa
Atua, Samoa
Fa`asaleleaga, Samoa
Gaga`emauga, Samoa
Gagaifomauga, Samoa
Palauli, Samoa
Satupa`itea, Samoa
Tuamasaga, Samoa
Va`a-o-Fonoti, Samoa
Vaisigano, Samoa
Central Province, Solomon Islands
Choiseul, Solomon Islands
Guadalcanal Province, Solomon Islands
Isabel Province, Solomon Islands
Makira-Ulawa Province, Solomon Islands
Malaita Province, Solomon Islands
Rennell and Bellona, Solomon Islands
Temotu Province, Solomon Islands
Western Province, Solomon Islands
Atafu, Tokelau
Fakaofo, Tokelau
Nukunonu, Tokelau
Eua, Tonga
Ha`apai, Tonga
Niuas, Tonga
Tongatapu, Tonga
Vava`u, Tonga
Funafuti, Tuvalu
Nanumanga, Tuvalu
Nanumea, Tuvalu
Niutao, Tuvalu
Nui, Tuvalu
Nukufetau, Tuvalu
Nukulaelae, Tuvalu
Vaitupu, Tuvalu
Baker Island, U.S. Minor Outlying Islands
Howland Island, U.S. Minor Outlying Islands
Jarvis Island, U.S. Minor Outlying Islands
Johnston Atoll, U.S. Minor Outlying Islands
Kingman Reef, U.S. Minor Outlying Islands
Midway Islands, U.S. Minor Outlying Islands
Navassa Island, U.S. Minor Outlying Islands
Palmyra Atoll, U.S. Minor Outlying Islands
Wake Island, U.S. Minor Outlying Islands
Malampa Province, Vanuatu
Penama Province, Vanuatu
Sanma Province, Vanuatu
Shefa Province, Vanuatu
Tafea Province, Vanuatu
Torba Province, Vanuatu
Circonscription d'Alo, Wallis and Futuna
Circonscription d'Uvea, Wallis and Futuna
Circonscription de Sigave, Wallis and Futuna
